origen_id,4,12,13,24,41,42,43,45,48,50,68,74,75,79,87,88,90,100,103,107,113,114,116,120,125,127,128,137,140,141,142,143,144,148,151,152,153,158,161,162,163,164,166,170,186,194,202,209,211,224,229,230,231,232,233,234,236,237,238,239,243,244,246,249,261,262,263
4,0.0,5.59,4.625,9.659,11.127,13.567,7.489,3.054,5.368,6.26,4.69,11.961,10.008,1.192,4.476,5.2,3.757,4.308,9.569,2.053,2.453,2.244,13.88,17.62,2.876,20.699,20.968,1.892,6.522,6.268,5.925,6.703,2.014,1.718,8.985,12.43,22.556,3.974,3.867,4.048,4.565,3.451,10.806,2.793,4.062,11.916,6.531,3.899,2.103,0.927,4.665,4.618,3.291,1.516,3.459,2.988,7.988,5.943,7.876,6.825,18.554,16.117,5.58,3.404,4.687,8.381,8.313
12,5.59,0.0,1.053,15.249,16.717,19.157,13.079,2.536,8.769,8.762,6.378,17.551,15.598,5.257,1.114,0.39,5.946,7.889,3.979,6.439,5.096,4.364,19.47,23.211,3.278,26.289,26.559,7.483,12.112,11.858,10.739,10.478,3.577,3.872,14.575,18.02,28.146,4.121,9.333,9.638,10.053,7.649,16.396,8.124,7.022,17.506,12.121,1.691,3.517,6.517,10.255,8.979,2.299,4.074,9.049,6.284,13.578,11.533,13.466,12.132,24.144,21.707,6.572,4.589,0.903,13.971,13.903
13,4.625,1.053,0.0,14.283,15.752,18.192,12.114,1.571,7.804,7.796,5.413,16.586,14.633,4.292,1.31,1.351,4.981,6.924,4.945,5.474,4.131,3.399,18.505,22.245,2.312,25.324,25.593,6.517,11.146,10.893,9.774,9.513,2.611,2.906,13.61,17.054,27.181,3.156,8.367,8.673,9.088,6.684,15.43,7.158,6.056,16.541,11.155,1.384,2.551,5.552,9.29,8.014,1.333,3.109,8.083,5.319,12.613,10.568,12.501,11.166,23.179,20.741,5.607,3.624,0.582,13.006,12.938
24,9.659,15.249,14.283,0.0,1.468,3.908,2.17,12.713,6.48,6.487,8.87,2.48,3.005,9.992,14.134,14.859,9.303,7.36,19.228,8.81,10.153,10.885,4.221,7.962,11.971,11.04,11.31,7.766,4.963,4.384,4.51,4.771,11.672,11.377,0.673,2.771,12.897,11.128,5.916,5.611,5.196,7.599,1.147,7.125,8.227,4.693,5.768,13.557,11.732,8.732,5.05,6.27,12.95,11.175,6.2,8.964,3.11,3.716,1.783,3.117,8.895,6.458,8.677,10.659,14.345,4.503,3.806
41,11.127,16.717,15.752,1.468,0.0,2.44,3.638,14.181,7.948,7.955,10.339,1.537,2.061,11.46,15.603,16.327,10.771,8.828,20.696,10.278,11.621,12.353,2.753,6.493,13.439,9.572,9.841,9.235,4.605,4.859,5.978,6.239,13.141,12.845,2.142,1.726,11.429,12.596,7.384,7.079,6.664,9.068,1.459,8.593,9.695,3.749,4.824,15.026,13.2,10.2,6.462,7.738,14.418,12.643,7.668,10.433,3.139,5.184,3.251,4.585,7.427,4.99,10.145,12.128,15.814,3.559,2.862
42,13.567,19.157,18.192,3.908,2.44,0.0,6.078,16.621,10.388,10.395,12.779,2.188,3.559,13.9,18.042,18.767,13.211,11.268,23.136,12.718,14.061,14.793,1.631,4.054,15.879,7.132,7.402,11.674,7.045,7.299,8.418,8.679,15.58,15.285,4.582,1.137,8.989,15.036,9.824,9.519,9.104,11.508,2.761,11.033,12.135,4.4,7.036,17.465,15.64,12.64,8.902,10.178,16.858,15.083,10.108,12.872,5.579,7.624,5.691,7.025,4.987,2.656,12.585,14.567,18.254,5.186,5.254
43,7.489,13.079,12.114,2.17,3.638,6.078,0.0,10.543,4.31,4.317,6.701,4.472,2.519,7.822,11.964,12.689,7.133,5.19,17.058,6.64,7.983,8.715,6.391,10.132,9.801,13.21,13.48,5.596,2.806,2.227,2.34,2.601,9.502,9.207,1.941,4.941,15.067,8.958,3.746,3.441,3.026,5.43,3.317,4.955,6.057,4.427,3.61,11.387,9.562,6.562,2.893,4.1,10.78,9.005,4.03,6.794,0.953,1.546,1.661,1.276,11.065,8.628,6.507,8.489,12.176,2.345,1.648
45,3.054,2.536,1.571,12.713,14.181,16.621,10.543,0.0,6.233,6.226,4.143,15.015,13.062,2.721,1.422,2.146,3.41,5.353,6.515,3.903,2.56,1.828,16.934,20.675,2.329,23.753,24.023,4.947,9.576,9.322,8.203,7.942,1.04,1.336,12.039,15.484,25.61,3.427,6.797,7.102,7.517,5.113,13.86,5.588,4.486,14.97,9.585,0.845,1.556,3.981,7.719,6.443,1.417,1.538,6.513,3.748,11.042,8.997,10.93,9.596,21.608,19.171,5.033,2.856,1.633,11.435,11.367
48,5.368,8.769,7.804,6.48,7.948,10.388,4.31,6.233,0.0,0.892,2.391,8.782,6.829,4.176,7.655,8.379,2.823,1.06,12.748,3.315,3.673,4.405,10.701,14.441,5.491,17.52,17.789,3.556,3.343,3.089,1.97,1.709,5.193,4.897,5.806,9.25,19.377,4.648,1.501,2.104,1.284,1.917,7.627,2.575,1.747,8.737,3.43,7.078,5.252,4.504,2.713,0.75,6.47,5.854,3.019,2.485,4.809,2.764,4.697,3.363,15.375,12.937,2.197,4.18,7.866,5.202,5.134
50,6.26,8.762,7.796,6.487,7.955,10.395,4.317,6.226,0.892,0.0,2.383,8.79,6.837,5.068,7.647,8.372,2.816,1.952,12.741,4.207,3.807,4.397,10.708,14.449,5.484,17.527,17.797,4.448,3.517,3.096,1.977,1.716,5.185,5.611,5.814,9.258,19.384,4.641,2.393,2.996,1.695,2.809,7.634,3.467,2.199,8.745,4.322,7.07,5.245,5.396,3.605,1.642,6.463,6.746,3.911,3.273,4.817,2.771,4.704,3.37,15.382,12.945,2.19,4.172,7.858,5.209,5.141
68,4.69,6.378,5.413,8.87,10.339,12.779,6.701,4.143,2.391,2.383,0.0,11.173,9.22,3.498,5.264,5.989,0.933,1.511,10.358,2.637,2.236,2.445,13.092,16.832,3.101,19.911,20.18,2.878,5.733,5.48,4.361,4.1,3.312,4.04,8.197,11.641,21.768,2.257,2.954,3.26,3.675,1.271,10.017,1.897,0.644,11.128,5.742,4.687,2.862,3.826,3.877,2.601,4.079,5.176,2.67,1.702,7.2,5.155,7.088,5.754,17.766,15.328,0.89,1.789,5.475,7.593,7.525
74,11.961,17.551,16.586,2.48,1.537,2.188,4.472,15.015,8.782,8.79,11.173,0.0,1.953,12.294,16.437,17.161,11.605,9.662,21.53,11.112,12.455,13.187,3.819,5.659,14.273,8.738,9.007,10.069,5.439,5.693,6.812,7.073,13.975,13.679,2.976,3.263,10.595,13.43,8.219,7.913,7.498,9.902,2.995,9.427,10.529,2.212,5.43,15.86,14.035,11.034,7.296,8.572,15.252,13.477,8.503,11.267,3.973,6.018,4.085,5.419,6.593,4.844,10.979,12.962,16.648,3.58,3.648
75,10.008,15.598,14.633,3.005,2.061,3.559,2.519,13.062,6.829,6.837,9.22,1.953,0.0,10.341,14.484,15.208,9.652,7.709,19.577,9.159,10.502,11.234,4.343,7.612,12.32,10.691,10.96,8.116,3.486,3.74,4.859,5.12,12.022,11.726,2.788,3.787,12.548,11.477,6.266,5.96,5.545,7.949,3.52,7.474,8.576,1.908,3.477,13.907,12.082,9.081,5.343,6.619,13.299,11.524,6.55,9.314,2.02,4.065,2.508,3.466,8.546,6.108,9.026,11.009,14.695,1.627,1.695
79,1.192,5.257,4.292,9.992,11.46,13.9,7.822,2.721,4.176,5.068,3.498,12.294,10.341,0.0,4.143,4.867,2.565,3.116,9.236,1.182,1.262,1.053,14.213,17.953,1.979,21.032,21.301,2.226,6.855,6.601,5.482,5.511,1.681,1.385,9.318,12.763,22.889,2.782,4.076,4.381,4.796,2.392,11.139,2.867,2.87,12.249,6.864,3.566,1.74,1.26,4.998,3.722,2.958,1.678,3.792,1.796,8.321,6.276,8.209,6.875,18.887,16.45,4.388,2.212,4.354,8.714,8.646
87,4.476,1.114,1.31,14.134,15.603,18.042,11.964,1.422,7.655,7.647,5.264,16.437,14.484,4.143,0.0,0.725,4.832,6.774,5.094,5.324,3.982,3.25,18.355,22.096,2.163,25.175,25.444,6.368,10.997,10.744,9.624,9.364,2.462,2.757,13.461,16.905,27.032,3.26,8.218,8.523,8.939,6.535,15.281,7.009,5.907,16.392,11.006,0.577,2.402,5.403,9.141,7.864,1.25,2.96,7.934,5.17,12.464,10.419,12.352,11.017,23.03,20.592,5.457,3.475,0.728,12.857,12.789
88,5.2,0.39,1.351,14.859,16.327,18.767,12.689,2.146,8.379,8.372,5.989,17.161,15.208,4.867,0.725,0.0,5.556,7.499,4.369,6.049,4.706,3.975,19.08,22.821,2.888,25.899,26.169,7.093,11.722,11.468,10.349,10.088,3.187,3.482,14.186,17.63,27.756,3.731,8.943,9.248,9.663,7.26,16.006,7.734,6.632,17.116,11.731,1.302,3.127,6.127,9.866,8.589,1.909,3.684,8.659,5.895,13.189,11.143,13.076,11.742,23.754,21.317,6.182,4.2,0.77,13.581,13.513
90,3.757,5.946,4.981,9.303,10.771,13.211,7.133,3.41,2.823,2.816,0.933,11.605,9.652,2.565,4.832,5.556,0.0,1.943,9.925,1.704,1.303,1.582,13.524,17.264,2.668,20.343,20.612,1.945,6.166,5.912,4.793,4.532,2.379,3.107,8.629,12.073,22.2,1.825,3.386,3.692,4.107,1.703,10.449,2.178,1.076,11.56,6.175,4.255,2.429,2.893,4.309,3.033,3.647,4.243,3.102,0.769,7.632,5.587,7.52,6.186,18.198,15.76,1.823,1.357,5.043,8.025,7.957
100,4.308,7.889,6.924,7.36,8.828,11.268,5.19,5.353,1.06,1.952,1.511,9.662,7.709,3.116,6.774,7.499,1.943,0.0,11.868,2.255,2.793,3.525,11.581,15.322,4.611,18.4,18.67,2.496,4.223,3.969,2.85,2.589,4.312,4.017,6.686,10.131,20.257,3.768,1.444,1.749,2.164,0.857,8.507,1.515,0.867,9.617,4.232,6.197,4.372,3.444,2.366,1.09,5.59,4.794,1.959,1.605,5.689,3.644,5.577,4.243,16.255,13.818,1.317,3.299,6.986,6.082,6.014
103,9.569,3.979,4.945,19.228,20.696,23.136,17.058,6.515,12.748,12.741,10.358,21.53,19.577,9.236,5.094,4.369,9.925,11.868,0.0,10.418,9.075,8.343,23.449,27.19,7.257,30.268,30.538,11.462,16.091,15.837,14.718,14.457,7.556,7.851,18.555,21.999,32.125,8.1,13.312,13.617,14.032,11.629,20.375,12.103,11.001,21.485,16.1,5.671,7.496,10.496,14.235,12.958,6.278,8.053,13.028,10.264,17.557,15.512,17.445,16.111,28.123,25.686,10.551,8.569,4.883,17.95,17.882
107,2.053,6.439,5.474,8.81,10.278,12.718,6.64,3.903,3.315,4.207,2.637,11.112,9.159,1.182,5.324,6.049,1.704,2.255,10.418,0.0,1.343,2.075,13.031,16.772,3.161,19.85,20.12,1.044,5.673,5.419,4.3,4.65,2.862,2.567,8.136,11.581,21.707,2.318,2.894,3.199,3.614,1.398,9.957,1.685,2.008,11.067,5.682,4.747,2.922,1.189,3.816,2.565,4.14,2.54,2.61,0.934,7.139,5.094,7.027,5.693,17.705,15.268,3.527,1.849,5.536,7.532,7.464
113,2.453,5.096,4.131,10.153,11.621,14.061,7.983,2.56,3.673,3.807,2.236,12.455,10.502,1.262,3.982,4.706,1.303,2.793,9.075,1.343,0.0,0.732,14.374,18.114,1.818,21.193,21.462,2.386,7.016,6.762,5.643,5.382,1.52,1.804,9.479,12.923,23.05,1.52,4.236,4.542,4.957,2.553,11.299,3.028,1.926,12.41,7.025,3.405,1.579,1.589,5.159,3.883,2.797,2.94,3.952,1.188,8.482,6.437,8.37,7.036,19.048,16.61,3.126,0.95,4.193,8.875,8.807
114,2.244,4.364,3.399,10.885,12.353,14.793,8.715,1.828,4.405,4.397,2.445,13.187,11.234,1.053,3.25,3.975,1.582,3.525,8.343,2.075,0.732,0.0,15.106,18.846,1.087,21.925,22.194,3.118,7.747,7.494,6.375,6.114,0.866,1.595,10.211,13.655,23.782,1.729,4.968,5.274,5.689,3.285,12.031,3.76,2.658,13.142,7.757,2.673,0.848,2.153,5.891,4.615,2.065,2.731,4.684,1.92,9.214,7.169,9.102,7.768,19.78,17.342,3.335,1.159,3.461,9.607,9.539
116,13.88,19.47,18.505,4.221,2.753,1.631,6.391,16.934,10.701,10.708,13.092,3.819,4.343,14.213,18.355,19.08,13.524,11.581,23.449,13.031,14.374,15.106,0.0,3.741,16.192,6.819,7.089,11.987,7.358,7.612,8.731,8.992,15.893,15.598,4.895,1.45,8.676,15.349,10.137,9.832,9.417,11.821,3.074,11.346,12.448,6.031,7.349,17.778,15.953,12.953,9.215,10.491,17.171,15.396,10.421,13.186,5.892,7.937,6.004,7.338,4.674,2.237,12.898,14.88,18.567,5.841,5.567
120,17.62,23.211,22.245,7.962,6.493,4.054,10.132,20.675,14.441,14.449,16.832,5.659,7.612,17.953,22.096,22.821,17.264,15.322,27.19,16.772,18.114,18.846,3.741,0.0,19.933,3.078,3.348,15.728,11.099,11.352,12.472,12.732,19.634,19.339,8.635,5.191,4.936,19.089,13.878,13.573,13.157,15.561,6.815,15.087,16.189,6.654,11.09,21.519,19.694,16.693,12.955,14.232,20.912,19.136,14.162,16.926,9.632,11.677,9.745,11.079,1.384,1.504,16.639,18.621,22.307,9.24,9.307
125,2.876,3.278,2.312,11.971,13.439,15.879,9.801,2.329,5.491,5.484,3.101,14.273,12.32,1.979,2.163,2.888,2.668,4.611,7.257,3.161,1.818,1.087,16.192,19.933,0.0,23.011,23.281,4.205,8.834,8.58,7.461,7.2,1.498,2.226,11.298,14.742,24.868,1.098,6.055,6.36,6.775,4.372,13.118,4.846,3.744,14.228,8.843,2.236,0.772,3.239,6.978,5.701,0.979,3.362,5.771,3.007,10.301,8.255,10.188,8.854,20.866,18.429,3.294,1.312,2.374,10.693,10.625
127,20.699,26.289,25.324,11.04,9.572,7.132,13.21,23.753,17.52,17.527,19.911,8.738,10.691,21.032,25.175,25.899,20.343,18.4,30.268,19.85,21.193,21.925,6.819,3.078,23.011,0.0,1.13,18.806,14.177,14.431,15.55,15.811,22.713,22.417,11.714,8.269,1.857,22.168,16.956,16.651,16.236,18.64,9.893,18.165,19.267,8.783,14.168,24.598,22.772,19.772,16.034,17.31,23.99,22.215,17.24,20.005,12.711,14.756,12.823,14.157,2.145,4.582,19.717,21.7,25.386,12.318,12.386
128,20.968,26.559,25.593,11.31,9.841,7.402,13.48,24.023,17.789,17.797,20.18,9.007,10.96,21.301,25.444,26.169,20.612,18.67,30.538,20.12,21.462,22.194,7.089,3.348,23.281,1.13,0.0,19.076,14.447,14.7,15.82,16.08,22.982,22.687,11.983,8.539,1.588,22.437,17.226,16.921,16.505,18.909,10.163,18.435,19.537,9.052,14.438,24.867,23.042,20.041,16.303,17.58,24.26,22.484,17.51,20.274,12.98,15.025,13.093,14.427,2.414,4.852,19.987,21.969,25.655,12.587,12.655
137,1.892,7.483,6.517,7.766,9.235,11.674,5.596,4.947,3.556,4.448,2.878,10.069,8.116,2.226,6.368,7.093,1.945,2.496,11.462,1.044,2.386,3.118,11.987,15.728,4.205,18.806,19.076,0.0,4.629,4.376,4.113,4.891,3.906,3.611,7.093,10.537,20.664,3.361,2.055,2.155,2.753,1.639,8.913,0.981,2.25,10.024,4.638,5.791,3.966,0.965,2.773,2.806,5.184,3.408,1.566,1.198,6.096,4.051,5.983,5.013,16.662,14.224,3.768,2.893,6.579,6.488,6.42
140,6.522,12.112,11.146,4.963,4.605,7.045,2.806,9.576,3.343,3.517,5.733,5.439,3.486,6.855,10.997,11.722,6.166,4.223,16.091,5.673,7.016,7.747,7.358,11.099,8.834,14.177,14.447,4.629,0.0,0.579,3.182,3.96,8.535,8.24,4.747,5.908,16.034,7.991,2.779,2.474,2.058,4.462,5.478,3.988,5.09,5.394,0.805,10.42,8.595,5.595,1.856,3.133,9.813,8.038,3.063,5.827,1.853,1.274,4.467,4.082,12.032,9.595,5.54,7.522,11.208,1.859,1.791
141,6.268,11.858,10.893,4.384,4.859,7.299,2.227,9.322,3.089,3.096,5.48,5.693,3.74,6.601,10.744,11.468,5.912,3.969,15.837,5.419,6.762,7.494,7.612,11.352,8.58,14.431,14.7,4.376,0.579,0.0,2.603,3.382,8.282,7.986,4.168,6.161,16.288,7.737,2.526,2.22,1.805,4.209,4.899,3.734,4.836,5.648,1.383,10.167,8.341,5.341,1.603,2.879,9.559,7.784,2.809,5.574,1.72,0.695,3.888,3.503,12.286,9.848,5.286,7.269,10.955,2.113,2.045
142,5.925,10.739,9.774,4.51,5.978,8.418,2.34,8.203,1.97,1.977,4.361,6.812,4.859,5.482,9.624,10.349,4.793,2.85,14.718,4.3,5.643,6.375,8.731,12.472,7.461,15.55,15.82,4.113,3.182,2.603,0.0,0.778,7.162,6.867,3.836,7.281,17.407,6.618,2.058,2.661,1.359,3.09,5.657,3.132,3.717,6.767,3.987,9.047,7.222,5.061,3.269,1.76,8.44,6.665,3.575,4.455,2.839,1.908,2.727,1.393,13.405,10.968,4.167,6.149,9.836,3.232,3.164
143,6.703,10.478,9.513,4.771,6.239,8.679,2.601,7.942,1.709,1.716,4.1,7.073,5.12,5.511,9.364,10.088,4.532,2.589,14.457,4.65,5.382,6.114,8.992,12.732,7.2,15.811,16.08,4.891,3.96,3.382,0.778,0.0,6.902,6.606,4.097,7.541,17.668,6.357,2.837,3.439,2.138,3.252,5.918,3.91,3.456,7.028,4.765,8.787,6.961,5.839,4.048,2.086,8.179,7.19,4.354,4.194,3.1,2.687,2.988,1.654,13.666,11.228,3.906,5.889,9.575,3.5,3.425
144,2.014,3.577,2.611,11.672,13.141,15.58,9.502,1.04,5.193,5.185,3.312,13.975,12.022,1.681,2.462,3.187,2.379,4.312,7.556,2.862,1.52,0.866,15.893,19.634,1.498,22.713,22.982,3.906,8.535,8.282,7.162,6.902,0.0,0.728,10.999,14.443,24.57,2.596,5.756,6.061,6.477,4.073,12.819,4.547,3.445,13.93,8.544,1.885,0.726,2.941,6.679,5.402,1.278,1.864,5.472,2.708,10.002,7.957,9.89,8.555,20.568,18.13,4.202,2.026,2.673,10.395,10.327
148,1.718,3.872,2.906,11.377,12.845,15.285,9.207,1.336,4.897,5.611,4.04,13.679,11.726,1.385,2.757,3.482,3.107,4.017,7.851,2.567,1.804,1.595,15.598,19.339,2.226,22.417,22.687,3.611,8.24,7.986,6.867,6.606,0.728,0.0,10.703,14.148,24.274,3.324,5.461,5.766,6.181,3.778,12.524,4.252,3.412,13.634,8.249,2.18,1.454,2.645,6.384,5.107,1.573,1.136,5.177,2.413,9.706,7.661,9.594,8.26,20.272,17.835,4.93,2.754,2.968,10.099,10.031
151,8.985,14.575,13.61,0.673,2.142,4.582,1.941,12.039,5.806,5.814,8.197,2.976,2.788,9.318,13.461,14.186,8.629,6.686,18.555,8.136,9.479,10.211,4.895,8.635,11.298,11.714,11.983,7.093,4.747,4.168,3.836,4.097,10.999,10.703,0.0,3.444,13.571,10.454,5.243,4.937,4.522,6.926,1.82,6.451,7.553,4.476,5.551,12.884,11.059,8.058,4.834,5.596,12.276,10.501,5.527,8.291,2.894,3.473,1.109,2.443,9.569,7.131,8.003,9.986,13.672,4.286,3.589
152,12.43,18.02,17.054,2.771,1.726,1.137,4.941,15.484,9.25,9.258,11.641,3.263,3.787,12.763,16.905,17.63,12.073,10.131,21.999,11.581,12.923,13.655,1.45,5.191,14.742,8.269,8.539,10.537,5.908,6.161,7.281,7.541,14.443,14.148,3.444,0.0,10.126,13.898,8.687,8.382,7.966,10.37,1.624,9.896,10.998,5.475,6.55,16.328,14.503,11.502,7.764,9.041,15.721,13.946,8.971,11.735,4.441,6.486,4.554,5.888,6.125,3.687,11.448,13.43,17.116,5.285,4.588
153,22.556,28.146,27.181,12.897,11.429,8.989,15.067,25.61,19.377,19.384,21.768,10.595,12.548,22.889,27.032,27.756,22.2,20.257,32.125,21.707,23.05,23.782,8.676,4.936,24.868,1.857,1.588,20.664,16.034,16.288,17.407,17.668,24.57,24.274,13.571,10.126,0.0,24.025,18.813,18.508,18.093,20.497,11.75,20.022,21.124,10.64,16.025,26.455,24.629,21.629,17.891,19.167,25.847,24.072,19.097,21.862,14.568,16.613,14.68,16.014,4.002,6.439,21.574,23.557,27.243,14.175,14.243
158,3.974,4.121,3.156,11.128,12.596,15.036,8.958,3.427,4.648,4.641,2.257,13.43,11.477,2.782,3.26,3.731,1.825,3.768,8.1,2.318,1.52,1.729,15.349,19.089,1.098,22.168,22.437,3.361,7.991,7.737,6.618,6.357,2.596,3.324,10.454,13.898,24.025,0.0,5.212,5.517,5.932,3.528,12.275,4.003,2.901,13.385,8.0,3.334,1.87,3.11,6.134,4.858,2.01,4.46,4.928,2.163,9.457,7.412,9.345,8.011,20.023,17.585,2.451,0.57,3.218,9.85,9.782
161,3.867,9.333,8.367,5.916,7.384,9.824,3.746,6.797,1.501,2.393,2.954,8.219,6.266,4.076,8.218,8.943,3.386,1.444,13.312,2.894,4.236,4.968,10.137,13.878,6.055,16.956,17.226,2.055,2.779,2.526,2.058,2.837,5.756,5.461,5.243,8.687,18.813,5.212,0.0,0.603,0.721,1.683,7.063,1.209,2.311,8.174,2.788,7.641,5.816,3.003,1.211,0.751,7.034,5.259,1.517,3.048,4.246,2.201,4.133,2.958,14.812,12.374,2.761,4.743,8.429,4.638,4.57
162,4.048,9.638,8.673,5.611,7.079,9.519,3.441,7.102,2.104,2.996,3.26,7.913,5.96,4.381,8.523,9.248,3.692,1.749,13.617,3.199,4.542,5.274,9.832,13.573,6.36,16.651,16.921,2.155,2.474,2.22,2.661,3.439,6.061,5.766,4.937,8.382,18.508,5.517,0.603,0.0,1.302,1.989,6.758,1.514,2.616,7.868,2.483,7.946,6.121,3.121,0.617,1.354,7.339,5.564,0.915,3.354,3.94,1.895,3.946,3.561,14.506,12.069,3.066,5.049,8.735,4.333,4.265
163,4.565,10.053,9.088,5.196,6.664,9.104,3.026,7.517,1.284,1.695,3.675,7.498,5.545,4.796,8.939,9.663,4.107,2.164,14.032,3.614,4.957,5.689,9.417,13.157,6.775,16.236,16.505,2.753,2.058,1.805,1.359,2.138,6.477,6.181,4.522,7.966,18.093,5.932,0.721,1.302,0.0,2.404,6.342,1.929,3.031,7.453,2.627,8.362,6.537,3.701,1.91,1.074,7.754,5.979,2.216,3.769,3.525,1.48,3.413,2.259,14.091,11.653,3.481,5.464,9.15,3.918,3.85
164,3.451,7.649,6.684,7.599,9.068,11.508,5.43,5.113,1.917,2.809,1.271,9.902,7.949,2.392,6.535,7.26,1.703,0.857,11.629,1.398,2.553,3.285,11.821,15.561,4.372,18.64,18.909,1.639,4.462,4.209,3.09,3.252,4.073,3.778,6.926,10.37,20.497,3.528,1.683,1.989,2.404,0.0,8.746,0.659,0.627,9.857,4.471,5.958,4.133,2.587,2.606,1.33,5.35,3.938,1.399,1.365,5.929,3.884,5.817,4.483,16.495,14.057,2.129,3.06,6.746,6.322,6.254
166,10.806,16.396,15.43,1.147,1.459,2.761,3.317,13.86,7.627,7.634,10.017,2.995,3.52,11.139,15.281,16.006,10.449,8.507,20.375,9.957,11.299,12.031,3.074,6.815,13.118,9.893,10.163,8.913,5.478,4.899,5.657,5.918,12.819,12.524,1.82,1.624,11.75,12.275,7.063,6.758,6.342,8.746,0.0,8.272,9.374,5.208,6.283,14.704,12.879,9.879,6.14,7.417,14.097,12.322,7.347,10.111,3.625,4.862,2.93,4.264,7.749,5.311,9.824,11.806,15.492,5.018,4.321
170,2.793,8.124,7.158,7.125,8.593,11.033,4.955,5.588,2.575,3.467,1.897,9.427,7.474,2.867,7.009,7.734,2.178,1.515,12.103,1.685,3.028,3.76,11.346,15.087,4.846,18.165,18.435,0.981,3.988,3.734,3.132,3.91,4.547,4.252,6.451,9.896,20.022,4.003,1.209,1.514,1.929,0.659,8.272,0.0,1.269,9.382,3.997,6.432,4.607,1.929,2.132,1.825,5.825,4.05,0.925,1.839,5.454,3.409,5.342,4.032,16.02,13.583,2.787,3.534,7.221,5.847,5.779
186,4.062,7.022,6.056,8.227,9.695,12.135,6.057,4.486,1.747,2.199,0.644,10.529,8.576,2.87,5.907,6.632,1.076,0.867,11.001,2.008,1.926,2.658,12.448,16.189,3.744,19.267,19.537,2.25,5.09,4.836,3.717,3.456,3.445,3.412,7.553,10.998,21.124,2.901,2.311,2.616,3.031,0.627,9.374,1.269,0.0,10.484,5.099,5.33,3.505,3.197,3.234,1.957,4.723,4.548,2.027,1.074,6.556,4.511,6.444,5.11,17.122,14.685,1.518,2.432,6.119,6.949,6.881
194,11.916,17.506,16.541,4.693,3.749,4.4,4.427,14.97,8.737,8.745,11.128,2.212,1.908,12.249,16.392,17.116,11.56,9.617,21.485,11.067,12.41,13.142,6.031,6.654,14.228,8.783,9.052,10.024,5.394,5.648,6.767,7.028,13.93,13.634,4.476,5.475,10.64,13.385,8.174,7.868,7.453,9.857,5.208,9.382,10.484,0.0,5.385,15.815,13.99,10.989,7.251,8.527,15.207,13.432,8.458,11.222,3.928,5.973,4.197,5.374,8.038,7.057,10.934,12.917,16.603,3.535,3.603
202,6.531,12.121,11.155,5.768,4.824,7.036,3.61,9.585,3.43,4.322,5.742,5.43,3.477,6.864,11.006,11.731,6.175,4.232,16.1,5.682,7.025,7.757,7.349,11.09,8.843,14.168,14.438,4.638,0.805,1.383,3.987,4.765,8.544,8.249,5.551,6.55,16.025,8.0,2.788,2.483,2.627,4.471,6.283,3.997,5.099,5.385,0.0,10.429,8.604,5.604,1.865,3.142,9.822,8.047,3.072,5.836,2.658,2.078,5.272,4.887,12.023,9.586,5.549,7.531,11.217,1.85,1.962
209,3.899,1.691,1.384,13.557,15.026,17.465,11.387,0.845,7.078,7.07,4.687,15.86,13.907,3.566,0.577,1.302,4.255,6.197,5.671,4.747,3.405,2.673,17.778,21.519,2.236,24.598,24.867,5.791,10.42,10.167,9.047,8.787,1.885,2.18,12.884,16.328,26.455,3.334,7.641,7.946,8.362,5.958,14.704,6.432,5.33,15.815,10.429,0.0,1.825,4.826,8.564,7.287,1.324,2.383,7.357,4.593,11.887,9.842,11.775,10.44,22.453,20.015,4.94,2.898,0.803,12.28,12.212
211,2.103,3.517,2.551,11.732,13.2,15.64,9.562,1.556,5.252,5.245,2.862,14.035,12.082,1.74,2.402,3.127,2.429,4.372,7.496,2.922,1.579,0.848,15.953,19.694,0.772,22.772,23.042,3.966,8.595,8.341,7.222,6.961,0.726,1.454,11.059,14.503,24.629,1.87,5.816,6.121,6.537,4.133,12.879,4.607,3.505,13.99,8.604,1.825,0.0,3.0,6.739,5.462,1.218,2.59,5.532,2.768,10.062,8.016,9.949,8.615,20.627,18.19,3.476,1.3,2.613,10.454,10.386
224,0.927,6.517,5.552,8.732,10.2,12.64,6.562,3.981,4.504,5.396,3.826,11.034,9.081,1.26,5.403,6.127,2.893,3.444,10.496,1.189,1.589,2.153,12.953,16.693,3.239,19.772,20.041,0.965,5.595,5.341,5.061,5.839,2.941,2.645,8.058,11.502,21.629,3.11,3.003,3.121,3.701,2.587,9.879,1.929,3.197,10.989,5.604,4.826,3.0,0.0,3.738,3.754,4.218,2.443,2.532,2.123,7.061,5.016,6.949,5.961,17.627,15.189,4.716,2.539,5.614,7.454,7.386
229,4.665,10.255,9.29,5.05,6.462,8.902,2.893,7.719,2.713,3.605,3.877,7.296,5.343,4.998,9.141,9.866,4.309,2.366,14.235,3.816,5.159,5.891,9.215,12.955,6.978,16.034,16.303,2.773,1.856,1.603,3.269,4.048,6.679,6.384,4.834,7.764,17.891,6.134,1.211,0.617,1.91,2.606,6.14,2.132,3.234,7.251,1.865,8.564,6.739,3.738,0.0,1.962,7.957,6.181,1.207,3.971,3.323,1.361,4.554,4.169,13.889,11.451,3.683,5.666,9.352,3.716,3.648
230,4.618,8.979,8.014,6.27,7.738,10.178,4.1,6.443,0.75,1.642,2.601,8.572,6.619,3.722,7.864,8.589,3.033,1.09,12.958,2.565,3.883,4.615,10.491,14.232,5.701,17.31,17.58,2.806,3.133,2.879,1.76,2.086,5.402,5.107,5.596,9.041,19.167,4.858,0.751,1.354,1.074,1.33,7.417,1.825,1.957,8.527,3.142,7.287,5.462,3.754,1.962,0.0,6.68,5.104,2.268,2.695,4.599,2.554,4.487,3.153,15.165,12.728,2.407,4.389,8.076,4.992,4.924
231,3.291,2.299,1.333,12.95,14.418,16.858,10.78,1.417,6.47,6.463,4.079,15.252,13.299,2.958,1.25,1.909,3.647,5.59,6.278,4.14,2.797,2.065,17.171,20.912,0.979,23.99,24.26,5.184,9.813,9.559,8.44,8.179,1.278,1.573,12.276,15.721,25.847,2.01,7.034,7.339,7.754,5.35,14.097,5.825,4.723,15.207,9.822,1.324,1.218,4.218,7.957,6.68,0.0,2.45,6.75,3.986,11.279,9.234,11.167,9.833,21.845,19.408,4.273,2.291,1.396,11.672,11.604
232,1.516,4.074,3.109,11.175,12.643,15.083,9.005,1.538,5.854,6.746,5.176,13.477,11.524,1.678,2.96,3.684,4.243,4.794,8.053,2.54,2.94,2.731,15.396,19.136,3.362,22.215,22.484,3.408,8.038,7.784,6.665,7.19,1.864,1.136,10.501,13.946,24.072,4.46,5.259,5.564,5.979,3.938,12.322,4.05,4.548,13.432,8.047,2.383,2.59,2.443,6.181,5.104,2.45,0.0,4.975,3.474,9.504,7.459,9.392,8.058,20.07,17.633,6.066,3.89,3.171,9.897,9.829
233,3.459,9.049,8.083,6.2,7.668,10.108,4.03,6.513,3.019,3.911,2.67,8.503,6.55,3.792,7.934,8.659,3.102,1.959,13.028,2.61,3.952,4.684,10.421,14.162,5.771,17.24,17.51,1.566,3.063,2.809,3.575,4.354,5.472,5.177,5.527,8.971,19.097,4.928,1.517,0.915,2.216,1.399,7.347,0.925,2.027,8.458,3.072,7.357,5.532,2.532,1.207,2.268,6.75,4.975,0.0,2.764,4.53,2.485,4.86,4.475,15.095,12.658,3.231,4.459,8.145,4.922,4.854
234,2.988,6.284,5.319,8.964,10.433,12.872,6.794,3.748,2.485,3.273,1.702,11.267,9.314,1.796,5.17,5.895,0.769,1.605,10.264,0.934,1.188,1.92,13.186,16.926,3.007,20.005,20.274,1.198,5.827,5.574,4.455,4.194,2.708,2.413,8.291,11.735,21.862,2.163,3.048,3.354,3.769,1.365,10.111,1.839,1.074,11.222,5.836,4.593,2.768,2.123,3.971,2.695,3.986,3.474,2.764,0.0,7.294,5.249,7.182,5.847,17.86,15.422,2.592,1.695,5.381,7.687,7.619
236,7.988,13.578,12.613,3.11,3.139,5.579,0.953,11.042,4.809,4.817,7.2,3.973,2.02,8.321,12.464,13.189,7.632,5.689,17.557,7.139,8.482,9.214,5.892,9.632,10.301,12.711,12.98,6.096,1.853,1.72,2.839,3.1,10.002,9.706,2.894,4.441,14.568,9.457,4.246,3.94,3.525,5.929,3.625,5.454,6.556,3.928,2.658,11.887,10.062,7.061,3.323,4.599,11.279,9.504,4.53,7.294,0.0,2.045,2.614,2.229,10.566,8.128,7.006,8.989,12.675,1.393,0.696
237,5.943,11.533,10.568,3.716,5.184,7.624,1.546,8.997,2.764,2.771,5.155,6.018,4.065,6.276,10.419,11.143,5.587,3.644,15.512,5.094,6.437,7.169,7.937,11.677,8.255,14.756,15.025,4.051,1.274,0.695,1.908,2.687,7.957,7.661,3.473,6.486,16.613,7.412,2.201,1.895,1.48,3.884,4.862,3.409,4.511,5.973,2.078,9.842,8.016,5.016,1.361,2.554,9.234,7.459,2.485,5.249,2.045,0.0,3.193,2.808,12.611,10.173,4.961,6.944,10.63,2.438,2.37
238,7.876,13.466,12.501,1.783,3.251,5.691,1.661,10.93,4.697,4.704,7.088,4.085,2.508,8.209,12.352,13.076,7.52,5.577,17.445,7.027,8.37,9.102,6.004,9.745,10.188,12.823,13.093,5.983,4.467,3.888,2.727,2.988,9.89,9.594,1.109,4.554,14.68,9.345,4.133,3.946,3.413,5.817,2.93,5.342,6.444,4.197,5.272,11.775,9.949,6.949,4.554,4.487,11.167,9.392,4.86,7.182,2.614,3.193,0.0,1.334,10.678,8.241,6.894,8.877,12.563,4.007,3.31
239,6.825,12.132,11.166,3.117,4.585,7.025,1.276,9.596,3.363,3.37,5.754,5.419,3.466,6.875,11.017,11.742,6.186,4.243,16.111,5.693,7.036,7.768,7.338,11.079,8.854,14.157,14.427,5.013,4.082,3.503,1.393,1.654,8.555,8.26,2.443,5.888,16.014,8.011,2.958,3.561,2.259,4.483,4.264,4.032,5.11,5.374,4.887,10.44,8.615,5.961,4.169,3.153,9.833,8.058,4.475,5.847,2.229,2.808,1.334,0.0,12.012,9.575,5.56,7.542,11.229,3.622,2.925
243,18.554,24.144,23.179,8.895,7.427,4.987,11.065,21.608,15.375,15.382,17.766,6.593,8.546,18.887,23.03,23.754,18.198,16.255,28.123,17.705,19.048,19.78,4.674,1.384,20.866,2.145,2.414,16.662,12.032,12.286,13.405,13.666,20.568,20.272,9.569,6.125,4.002,20.023,14.812,14.506,14.091,16.495,7.749,16.02,17.122,8.038,12.023,22.453,20.627,17.627,13.889,15.165,21.845,20.07,15.095,17.86,10.566,12.611,10.678,12.012,0.0,2.438,17.572,19.555,23.241,10.173,10.241
244,16.117,21.707,20.741,6.458,4.99,2.656,8.628,19.171,12.937,12.945,15.328,4.844,6.108,16.45,20.592,21.317,15.76,13.818,25.686,15.268,16.61,17.342,2.237,1.504,18.429,4.582,4.852,14.224,9.595,9.848,10.968,11.228,18.13,17.835,7.131,3.687,6.439,17.585,12.374,12.069,11.653,14.057,5.311,13.583,14.685,7.057,9.586,20.015,18.19,15.189,11.451,12.728,19.408,17.633,12.658,15.422,8.128,10.173,8.241,9.575,2.438,0.0,15.135,17.117,20.803,7.736,7.804
246,5.58,6.572,5.607,8.677,10.145,12.585,6.507,5.033,2.197,2.19,0.89,10.979,9.026,4.388,5.457,6.182,1.823,1.317,10.551,3.527,3.126,3.335,12.898,16.639,3.294,19.717,19.987,3.768,5.54,5.286,4.167,3.906,4.202,4.93,8.003,11.448,21.574,2.451,2.761,3.066,3.481,2.129,9.824,2.787,1.518,10.934,5.549,4.94,3.476,4.716,3.683,2.407,4.273,6.066,3.231,2.592,7.006,4.961,6.894,5.56,17.572,15.135,0.0,2.176,5.669,7.399,7.331
249,3.404,4.589,3.624,10.659,12.128,14.567,8.489,2.856,4.18,4.172,1.789,12.962,11.009,2.212,3.475,4.2,1.357,3.299,8.569,1.849,0.95,1.159,14.88,18.621,1.312,21.7,21.969,2.893,7.522,7.269,6.149,5.889,2.026,2.754,9.986,13.43,23.557,0.57,4.743,5.049,5.464,3.06,11.806,3.534,2.432,12.917,7.531,2.898,1.3,2.539,5.666,4.389,2.291,3.89,4.459,1.695,8.989,6.944,8.877,7.542,19.555,17.117,2.176,0.0,3.686,9.382,9.314
261,4.687,0.903,0.582,14.345,15.814,18.254,12.176,1.633,7.866,7.858,5.475,16.648,14.695,4.354,0.728,0.77,5.043,6.986,4.883,5.536,4.193,3.461,18.567,22.307,2.374,25.386,25.655,6.579,11.208,10.955,9.836,9.575,2.673,2.968,13.672,17.116,27.243,3.218,8.429,8.735,9.15,6.746,15.492,7.221,6.119,16.603,11.217,0.803,2.613,5.614,9.352,8.076,1.396,3.171,8.145,5.381,12.675,10.63,12.563,11.229,23.241,20.803,5.669,3.686,0.0,13.068,13.0
262,8.381,13.971,13.006,4.503,3.559,5.186,2.345,11.435,5.202,5.209,7.593,3.58,1.627,8.714,12.857,13.581,8.025,6.082,17.95,7.532,8.875,9.607,5.841,9.24,10.693,12.318,12.587,6.488,1.859,2.113,3.232,3.5,10.395,10.099,4.286,5.285,14.175,9.85,4.638,4.333,3.918,6.322,5.018,5.847,6.949,3.535,1.85,12.28,10.454,7.454,3.716,4.992,11.672,9.897,4.922,7.687,1.393,2.438,4.007,3.622,10.173,7.736,7.399,9.382,13.068,0.0,0.697
263,8.313,13.903,12.938,3.806,2.862,5.254,1.648,11.367,5.134,5.141,7.525,3.648,1.695,8.646,12.789,13.513,7.957,6.014,17.882,7.464,8.807,9.539,5.567,9.307,10.625,12.386,12.655,6.42,1.791,2.045,3.164,3.425,10.327,10.031,3.589,4.588,14.243,9.782,4.57,4.265,3.85,6.254,4.321,5.779,6.881,3.603,1.962,12.212,10.386,7.386,3.648,4.924,11.604,9.829,4.854,7.619,0.696,2.37,3.31,2.925,10.241,7.804,7.331,9.314,13.0,0.697,0.0
